{
    "state_mean": [
        [
            0.0009874081006273627,
            0.5694030523300171,
            -0.0008186714840121567,
            -1.6329951286315918,
            0.0008196075796149671,
            2.3764569759368896,
            0.7852303981781006,
            0.02866331860423088,
            0.02864287793636322,
            0.0005832634633406997,
            0.0017378726042807102,
            -0.0009258772479370236,
            0.0017841956578195095,
            -0.0032498508226126432,
            0.07155101001262665,
            0.001431045588105917,
            -0.01006458792835474,
            0.012978466227650642,
            0.0791119635105133,
            0.00014629961515311152,
            0.20348002016544342,
            -0.00018493157404009253,
            0.9607695937156677,
            1.4631234989792574e-05,
            0.07773751020431519
        ]
    ],
    "state_std": [
        [
            0.0821656733751297,
            0.29103007912635803,
            0.032262127846479416,
            0.41570061445236206,
            0.08409423381090164,
            0.391000360250473,
            0.13191956281661987,
            0.007433596532791853,
            0.007447340991348028,
            0.029295913875102997,
            0.18482375144958496,
            0.02573852613568306,
            0.18270742893218994,
            0.03772253915667534,
            0.22868919372558594,
            0.041253264993429184,
            0.014534186571836472,
            0.012358399108052254,
            0.05487599968910217,
            0.05354146286845207,
            0.11100661009550095,
            0.002444130601361394,
            0.2300865650177002,
            0.005277229472994804,
            0.13381779193878174
        ]
    ],
    "rgb_mean": [
        [
            [
                [
                    0.6421092748641968
                ]
            ],
            [
                [
                    0.4576095640659332
                ]
            ],
            [
                [
                    0.361212819814682
                ]
            ]
        ]
    ],
    "rgb_std": [
        [
            [
                [
                    0.18972870707511902
                ]
            ],
            [
                [
                    0.1105637475848198
                ]
            ],
            [
                [
                    0.1445239931344986
                ]
            ]
        ]
    ],
    "depth_mean": [
        [
            [
                [
                    0.6715867519378662
                ]
            ]
        ]
    ],
    "depth_std": [
        [
            [
                [
                    0.2556082308292389
                ]
            ]
        ]
    ],
    "act_dim": 7,
    "state_dim": 25,
    "cam_num": 1
}