{
    "state_mean": [
        [
            -0.00025785635807551444,
            0.5812423229217529,
            -0.0005827940185554326,
            -1.6125041246414185,
            0.0004392436530906707,
            2.3655965328216553,
            0.7843906879425049,
            0.02867264300584793,
            0.028652092441916466,
            0.00039984166505746543,
            0.002202961128205061,
            -0.0010010827099904418,
            0.003082477720454335,
            -0.0033807787112891674,
            0.07056518644094467,
            0.0014272485859692097,
            -0.01015244796872139,
            0.013043751940131187,
            0.08199475705623627,
            -0.0007248286856338382,
            0.20346657931804657,
            -0.00019326807523611933,
            0.9639849066734314,
            7.190757605712861e-05,
            0.07761978358030319
        ]
    ],
    "state_std": [
        [
            0.08224913477897644,
            0.29341602325439453,
            0.03193096071481705,
            0.4256541430950165,
            0.08209812641143799,
            0.39512911438941956,
            0.12992218136787415,
            0.007438101340085268,
            0.007451931480318308,
            0.028905989602208138,
            0.1841631531715393,
            0.02511691115796566,
            0.18515005707740784,
            0.03685598447918892,
            0.2277483195066452,
            0.04047349840402603,
            0.014512122608721256,
            0.01238298136740923,
            0.05525332689285278,
            0.05346796661615372,
            0.11111126095056534,
            0.0025140598881989717,
            0.21675826609134674,
            0.0051347981207072735,
            0.13301894068717957
        ]
    ],
    "rgb_mean": [
        [
            [
                [
                    0.6418763995170593
                ]
            ],
            [
                [
                    0.45776352286338806
                ]
            ],
            [
                [
                    0.3615620732307434
                ]
            ]
        ]
    ],
    "rgb_std": [
        [
            [
                [
                    0.189829021692276
                ]
            ],
            [
                [
                    0.11103323101997375
                ]
            ],
            [
                [
                    0.14504124224185944
                ]
            ]
        ]
    ],
    "depth_mean": [
        [
            [
                [
                    1.1728515625
                ]
            ]
        ]
    ],
    "depth_std": [
        [
            [
                [
                    1.98046875
                ]
            ]
        ]
    ]
}