{
    "state_mean": [
        [
            -0.08198798447847366,
            0.5963521003723145,
            -0.02388700842857361,
            -1.8745100498199463,
            0.02464688941836357,
            2.4652652740478516,
            -0.9233600497245789,
            0.02640766091644764,
            0.026386426761746407,
            0.022634603083133698,
            0.01717515103518963,
            0.004310093820095062,
            0.0063898926600813866,
            -0.0010601973626762629,
            0.009821772575378418,
            0.01899361051619053,
            -0.011639825999736786,
            0.012426701374351978,
            -0.004007544368505478,
            -0.06914757937192917,
            0.0871373787522316,
            -0.0015168220270425081,
            0.6871206164360046,
            0.6954652070999146,
            -0.0006797280511818826
        ]
    ],
    "state_std": [
        [
            0.18782833218574524,
            0.20798473060131073,
            0.07169361412525177,
            0.3146892488002777,
            0.07272446155548096,
            0.14788639545440674,
            0.44110968708992004,
            0.010758372023701668,
            0.010774183087050915,
            0.1348298192024231,
            0.13496831059455872,
            0.0508456826210022,
            0.16310521960258484,
            0.04718853533267975,
            0.08286069333553314,
            0.21117347478866577,
            0.02166486345231533,
            0.02167375385761261,
            0.06031766161322594,
            0.12743325531482697,
            0.045321617275476456,
            0.005183386616408825,
            0.15014547109603882,
            0.14696787297725677,
            0.004822611343115568
        ]
    ],
    "rgb_mean": [
        [
            [
                [
                    0.5846558809280396
                ]
            ],
            [
                [
                    0.4791966676712036
                ]
            ],
            [
                [
                    0.42029061913490295
                ]
            ],
            [
                [
                    0.7340697050094604
                ]
            ],
            [
                [
                    0.5229093432426453
                ]
            ],
            [
                [
                    0.41491803526878357
                ]
            ]
        ]
    ],
    "rgb_std": [
        [
            [
                [
                    0.12875007092952728
                ]
            ],
            [
                [
                    0.16908809542655945
                ]
            ],
            [
                [
                    0.21847650408744812
                ]
            ],
            [
                [
                    0.14294716715812683
                ]
            ],
            [
                [
                    0.20079678297042847
                ]
            ],
            [
                [
                    0.2569684684276581
                ]
            ]
        ]
    ],
    "depth_mean": [
        [
            [
                [
                    0.501953125
                ]
            ],
            [
                [
                    0.013214111328125
                ]
            ]
        ]
    ],
    "depth_std": [
        [
            [
                [
                    3.212890625
                ]
            ],
            [
                [
                    0.0616455078125
                ]
            ]
        ]
    ]
}