{
    "state_mean": [
        [
            0.007576287258416414,
            0.5541547536849976,
            -0.009611105546355247,
            -1.9349654912948608,
            0.008629530668258667,
            2.4846861362457275,
            0.8312157988548279,
            0.030324501916766167,
            0.030309811234474182,
            0.0031911563128232956,
            0.005668774247169495,
            -0.002809674944728613,
            0.012226484715938568,
            6.773668428650126e-05,
            -0.008387070149183273,
            0.012974414974451065,
            -0.013950962573289871,
            0.0027104883920401335,
            0.447150856256485,
            -0.0009918884607031941,
            -0.0008675019489601254,
            0.09270771592855453,
            -2.784448406600859e-05,
            0.9822511672973633,
            -0.025964729487895966,
            -0.001308988663367927,
            0.005069433711469173,
            0.0025070332922041416,
            0.1768406182527542
        ]
    ],
    "state_std": [
        [
            0.09146660566329956,
            0.16789087653160095,
            0.062630295753479,
            0.19917619228363037,
            0.05915389209985733,
            0.14683105051517487,
            0.35298091173171997,
            0.0107569033280015,
            0.01077332440763712,
            0.07148408889770508,
            0.1986728012561798,
            0.03262995555996895,
            0.16104935109615326,
            0.029542453587055206,
            0.16201670467853546,
            0.15569424629211426,
            0.03449515253305435,
            0.035715069621801376,
            0.49721595644950867,
            0.0470472052693367,
            0.04889168590307236,
            0.064534991979599,
            0.0033472562208771706,
            0.02116761915385723,
            0.1843886375427246,
            0.007147519383579493,
            0.05620065703988075,
            0.05885520949959755,
            0.08888225257396698
        ]
    ],
    "rgb_mean": [
        [
            [
                [
                    0.6440463662147522
                ]
            ],
            [
                [
                    0.45202261209487915
                ]
            ],
            [
                [
                    0.3513767421245575
                ]
            ]
        ]
    ],
    "rgb_std": [
        [
            [
                [
                    0.18637937307357788
                ]
            ],
            [
                [
                    0.1007826030254364
                ]
            ],
            [
                [
                    0.1320139467716217
                ]
            ]
        ]
    ],
    "depth_mean": [
        [
            [
                [
                    1.3974609375
                ]
            ]
        ]
    ],
    "depth_std": [
        [
            [
                [
                    2.0234375
                ]
            ]
        ]
    ]
}