{
    "state_mean": [
        [
            -0.06250357627868652,
            1.2498478889465332,
            0.09533529728651047,
            -0.9431969523429871,
            0.014691367745399475,
            2.5365540981292725,
            0.7134881615638733,
            0.025005800649523735,
            0.02499942108988762,
            -0.026430435478687286,
            0.4011622369289398,
            0.05211986228823662,
            0.4889727234840393,
            0.006543455645442009,
            0.034877531230449677,
            -0.04551065340638161,
            0.0008267220691777766,
            0.010038153268396854,
            0.20365598797798157,
            -0.008900814689695835,
            0.03303569555282593,
            -0.04205060005187988,
            0.9812940359115601,
            -0.0011607147753238678,
            0.17407146096229553
        ]
    ],
    "state_std": [
        [
            0.0625590831041336,
            0.3045048117637634,
            0.0644402727484703,
            0.4718898832798004,
            0.04865086078643799,
            0.1455172300338745,
            0.08921671658754349,
            0.004980761557817459,
            0.004982771817594767,
            0.22957423329353333,
            0.6203150153160095,
            0.17666244506835938,
            0.9143325686454773,
            0.11685139685869217,
            0.7188763618469238,
            0.24095670878887177,
            0.053079161792993546,
            0.045713670551776886,
            0.07597468793392181,
            0.043998055160045624,
            0.03238200396299362,
            0.03372452035546303,
            0.007251576986163855,
            0.032407909631729126,
            0.05248909816145897
        ]
    ],
    "rgb_mean": [
        [
            [
                [
                    0.6326801776885986
                ]
            ],
            [
                [
                    0.4538273811340332
                ]
            ],
            [
                [
                    0.3645065426826477
                ]
            ]
        ]
    ],
    "rgb_std": [
        [
            [
                [
                    0.1885012984275818
                ]
            ],
            [
                [
                    0.11549093574285507
                ]
            ],
            [
                [
                    0.15275494754314423
                ]
            ]
        ]
    ],
    "depth_mean": [
        [
            [
                [
                    1.775390625
                ]
            ]
        ]
    ],
    "depth_std": [
        [
            [
                [
                    2.125
                ]
            ]
        ]
    ]
}