{
    "state_mean": [
        [
            -0.2608022689819336,
            0.3413410484790802,
            -0.037576381117105484,
            -2.1176562309265137,
            0.01493744645267725,
            2.455540657043457,
            0.4736884832382202,
            0.0271729938685894,
            0.027141818776726723,
            -0.02983064390718937,
            -0.0021366868168115616,
            -0.0030374545603990555,
            -0.049229610711336136,
            -0.0053263017907738686,
            0.04330950975418091,
            -0.022539198398590088,
            -0.016288351267576218,
            0.018944187089800835,
            -0.09783139079809189,
            -0.15216998755931854,
            0.1434040516614914,
            -0.00034833347308449447,
            0.9848066568374634,
            -0.0005460669635795057,
            -0.001433400553651154
        ]
    ],
    "state_std": [
        [
            0.12586438655853271,
            0.37121516466140747,
            0.06666768342256546,
            0.4453425407409668,
            0.05850939080119133,
            0.34895244240760803,
            0.19340278208255768,
            0.00724897300824523,
            0.007266429252922535,
            0.08933091908693314,
            0.2606669068336487,
            0.05076000839471817,
            0.266591876745224,
            0.044040292501449585,
            0.21416997909545898,
            0.11868034303188324,
            0.013299025595188141,
            0.013497870415449142,
            0.1195136234164238,
            0.08019760996103287,
            0.12595033645629883,
            0.002913709031417966,
            0.1734389364719391,
            0.005131291225552559,
            0.006215600296854973
        ]
    ],
    "rgb_mean": [
        [
            [
                [
                    0.630519688129425
                ]
            ],
            [
                [
                    0.4406800866127014
                ]
            ],
            [
                [
                    0.3489014208316803
                ]
            ]
        ]
    ],
    "rgb_std": [
        [
            [
                [
                    0.17516213655471802
                ]
            ],
            [
                [
                    0.12074676901102066
                ]
            ],
            [
                [
                    0.14856316149234772
                ]
            ]
        ]
    ],
    "depth_mean": [
        [
            [
                [
                    0.6284506320953369
                ]
            ]
        ]
    ],
    "depth_std": [
        [
            [
                [
                    0.27126598358154297
                ]
            ]
        ]
    ],
    "act_dim": 7,
    "state_dim": 25,
    "cam_num": 1
}