{
    "state_mean": [
        [
            -0.0013521359069272876,
            0.6159096956253052,
            0.00013264582958072424,
            -1.9150066375732422,
            0.001630959683097899,
            2.529667377471924,
            0.7815191745758057,
            0.0010174057679250836,
            0.0010186330182477832,
            -0.0009187328978441656,
            0.13039743900299072,
            -0.0006568354438059032,
            0.10534196346998215,
            4.1924336983356625e-05,
            0.00794688519090414,
            -0.0018584486097097397,
            -0.026722421869635582,
            -0.025711430236697197,
            -0.0017846772680059075,
            -0.0007553690229542553,
            0.06492767482995987,
            -0.0004921946092508733,
            0.9996569752693176,
            0.0006925866473466158,
            -0.0005871580797247589
        ]
    ],
    "state_std": [
        [
            0.06749816983938217,
            0.21907834708690643,
            0.020393958315253258,
            0.30718517303466797,
            0.026576273143291473,
            0.17679253220558167,
            0.08958152681589127,
            0.005392920225858688,
            0.005392953287810087,
            0.04722576588392258,
            0.11605646461248398,
            0.012679459527134895,
            0.25056517124176025,
            0.0096730412915349,
            0.1993824988603592,
            0.052018146961927414,
            0.05478980019688606,
            0.053319040685892105,
            0.06395477056503296,
            0.047211114317178726,
            0.06343264132738113,
            0.007759486325085163,
            0.0003048908547498286,
            0.017832305282354355,
            0.01751025952398777
        ]
    ],
    "rgb_mean": [
        [
            [
                [
                    0.6422721147537231
                ]
            ],
            [
                [
                    0.4524170160293579
                ]
            ],
            [
                [
                    0.35905271768569946
                ]
            ]
        ]
    ],
    "rgb_std": [
        [
            [
                [
                    0.18569675087928772
                ]
            ],
            [
                [
                    0.11396586149930954
                ]
            ],
            [
                [
                    0.14625880122184753
                ]
            ]
        ]
    ],
    "depth_mean": [
        [
            [
                [
                    1.431640625
                ]
            ]
        ]
    ],
    "depth_std": [
        [
            [
                [
                    2.03515625
                ]
            ]
        ]
    ]
}