{
    "state_mean": [
        [
            -0.001357785426080227,
            0.6037664413452148,
            -0.008535835891962051,
            -1.8731672763824463,
            0.008090049028396606,
            2.472928762435913,
            -0.7613251209259033,
            0.02883201651275158,
            0.028816496953368187,
            0.003819378325715661,
            0.041629426181316376,
            -0.0020722115878015757,
            0.01493181474506855,
            -0.0028438677545636892,
            0.021850304678082466,
            0.011083092540502548,
            -0.011143160983920097,
            0.006403499748557806,
            0.0017359504709020257,
            -0.007332222536206245,
            0.08402714878320694,
            -0.0007009616820141673,
            0.7062242031097412,
            0.678132951259613,
            -0.0006695425836369395
        ]
    ],
    "state_std": [
        [
            0.16783073544502258,
            0.2080116868019104,
            0.06898912787437439,
            0.3357996642589569,
            0.06615271419286728,
            0.16453765332698822,
            0.42895421385765076,
            0.01064236368983984,
            0.010657534934580326,
            0.1116214469075203,
            0.1724846512079239,
            0.038330744951963425,
            0.1811610460281372,
            0.028529342263936996,
            0.11551012843847275,
            0.16694140434265137,
            0.0398358590900898,
            0.03638601303100586,
            0.0737900659441948,
            0.11350280046463013,
            0.042629536241292953,
            0.00511607201769948,
            0.14360418915748596,
            0.14391809701919556,
            0.004901785869151354
        ]
    ],
    "rgb_mean": [
        [
            [
                [
                    0.6433496475219727
                ]
            ],
            [
                [
                    0.4539525806903839
                ]
            ],
            [
                [
                    0.35296913981437683
                ]
            ],
            [
                [
                    0.6775041818618774
                ]
            ],
            [
                [
                    0.3827179968357086
                ]
            ],
            [
                [
                    0.2421768754720688
                ]
            ]
        ]
    ],
    "rgb_std": [
        [
            [
                [
                    0.18684202432632446
                ]
            ],
            [
                [
                    0.103236623108387
                ]
            ],
            [
                [
                    0.13547496497631073
                ]
            ],
            [
                [
                    0.17119060456752777
                ]
            ],
            [
                [
                    0.15866468846797943
                ]
            ],
            [
                [
                    0.12342295050621033
                ]
            ]
        ]
    ],
    "depth_mean": [
        [
            [
                [
                    0.58935546875
                ]
            ],
            [
                [
                    0.01421356201171875
                ]
            ]
        ]
    ],
    "depth_std": [
        [
            [
                [
                    2.021484375
                ]
            ],
            [
                [
                    0.052276611328125
                ]
            ]
        ]
    ]
}