{
    "state_mean": [
        [
            -0.0017948913155123591,
            0.6037077307701111,
            -0.007261184509843588,
            -1.873009443283081,
            0.006756724789738655,
            2.4725470542907715,
            -0.7635919451713562,
            0.028790203854441643,
            0.028774641454219818,
            0.001996933948248625,
            0.04105457663536072,
            -0.002104255137965083,
            0.014236473478376865,
            -0.0026170031633228064,
            0.02218787744641304,
            0.008471651934087276,
            -0.011133905500173569,
            0.006439375691115856,
            0.0028835562989115715,
            -0.00626976415514946,
            0.08408558368682861,
            -0.0006972107803449035,
            0.7045389413833618,
            0.6796852350234985,
            -0.0007722012815065682
        ]
    ],
    "state_std": [
        [
            0.16487295925617218,
            0.20342184603214264,
            0.06863228976726532,
            0.3260047435760498,
            0.06593305617570877,
            0.16004154086112976,
            0.4340510368347168,
            0.010641845874488354,
            0.010656993836164474,
            0.10971730947494507,
            0.1728105992078781,
            0.03659718483686447,
            0.18333791196346283,
            0.027659252285957336,
            0.11594220250844955,
            0.16825570166110992,
            0.039699431508779526,
            0.03629756346344948,
            0.07284877449274063,
            0.10975954681634903,
            0.04247965291142464,
            0.005076566711068153,
            0.14421820640563965,
            0.14424948394298553,
            0.004746750928461552
        ]
    ],
    "rgb_mean": [
        [
            [
                [
                    0.6433863639831543
                ]
            ],
            [
                [
                    0.453926682472229
                ]
            ],
            [
                [
                    0.3529055714607239
                ]
            ],
            [
                [
                    0.678198516368866
                ]
            ],
            [
                [
                    0.38263994455337524
                ]
            ],
            [
                [
                    0.2424137443304062
                ]
            ]
        ]
    ],
    "rgb_std": [
        [
            [
                [
                    0.1869215965270996
                ]
            ],
            [
                [
                    0.10324850678443909
                ]
            ],
            [
                [
                    0.13543309271335602
                ]
            ],
            [
                [
                    0.17065498232841492
                ]
            ],
            [
                [
                    0.15849362313747406
                ]
            ],
            [
                [
                    0.12341015785932541
                ]
            ]
        ]
    ],
    "depth_mean": [
        [
            [
                [
                    0.7090425491333008
                ]
            ],
            [
                [
                    0.13331522047519684
                ]
            ]
        ]
    ],
    "depth_std": [
        [
            [
                [
                    0.23076680302619934
                ]
            ],
            [
                [
                    0.052171722054481506
                ]
            ]
        ]
    ],
    "act_dim": 7,
    "state_dim": 25,
    "cam_num": 2
}