{
    "state_mean": [
        [
            -0.006220699287950993,
            0.5969656705856323,
            -0.0031527059618383646,
            -1.8846558332443237,
            0.003276766510680318,
            2.4781649112701416,
            -0.7930302619934082,
            0.028813624754548073,
            0.02879810333251953,
            0.0020668809302151203,
            0.039495136588811874,
            -0.0013030193513259292,
            0.010539622977375984,
            -0.0037499843165278435,
            0.023560483008623123,
            0.0044878628104925156,
            -0.011159718036651611,
            0.006436167750507593,
            -0.0007414895226247609,
            -0.006184528581798077,
            0.0843893438577652,
            -0.0005686270305886865,
            0.6931915879249573,
            0.6902604699134827,
            -0.00039968491182662547
        ]
    ],
    "state_std": [
        [
            0.17075160145759583,
            0.2072363793849945,
            0.06933946162462234,
            0.3346608877182007,
            0.06630692631006241,
            0.1644522249698639,
            0.442643940448761,
            0.010642568580806255,
            0.01065773330628872,
            0.11359553039073944,
            0.17085561156272888,
            0.038033220916986465,
            0.17934128642082214,
            0.028404872864484787,
            0.115943543612957,
            0.1720081865787506,
            0.03993121534585953,
            0.03634050861001015,
            0.07282613217830658,
            0.11325244605541229,
            0.04304854944348335,
            0.005182701162993908,
            0.14734530448913574,
            0.14582489430904388,
            0.0050100903026759624
        ]
    ],
    "rgb_mean": [
        [
            [
                [
                    0.643501877784729
                ]
            ],
            [
                [
                    0.45390287041664124
                ]
            ],
            [
                [
                    0.35282275080680847
                ]
            ],
            [
                [
                    0.6785616874694824
                ]
            ],
            [
                [
                    0.38290202617645264
                ]
            ],
            [
                [
                    0.2426985502243042
                ]
            ]
        ]
    ],
    "rgb_std": [
        [
            [
                [
                    0.18672621250152588
                ]
            ],
            [
                [
                    0.10290607064962387
                ]
            ],
            [
                [
                    0.13515223562717438
                ]
            ],
            [
                [
                    0.17049065232276917
                ]
            ],
            [
                [
                    0.15830418467521667
                ]
            ],
            [
                [
                    0.12347234785556793
                ]
            ]
        ]
    ],
    "depth_mean": [
        [
            [
                [
                    0.7093287706375122
                ]
            ],
            [
                [
                    0.13365761935710907
                ]
            ]
        ]
    ],
    "depth_std": [
        [
            [
                [
                    0.23043684661388397
                ]
            ],
            [
                [
                    0.05264601483941078
                ]
            ]
        ]
    ],
    "act_dim": 7,
    "state_dim": 25,
    "cam_num": 2
}